{"cameraMode":{"drawMode":0,"name":"Shaded","section":"Shading Mode"},"sceneLighting":true,"audioPlay":false,"sceneViewState":{"m_AlwaysRefresh":true,"showFog":true,"showSkybox":true,"showFlares":true,"showImageEffects":true,"showParticleSystems":true,"showVisualEffectGraphs":true,"m_FxEnabled":false},"in2DMode":false,"pivot":{"x":186.58001708984376,"y":49.242427825927737,"z":96.45724487304688},"rotation":{"x":0.02704480104148388,"y":0.13686120510101319,"z":-0.0038615595549345018,"w":0.9905560612678528},"size":5.823974609375,"orthographic":false}